time_s,x_m,y_m,vx_m_per_s,vy_m_per_s
0.00000000e+00,5.00000000e-06,1.78926594e-05,0.00000000e+00,0.00000000e+00
1.00000000e-10,5.05048167e-06,1.78174014e-05,1.01831478e+03,-1.50524511e+03
2.00000000e-10,5.20725910e-06,1.75915975e-05,2.14536022e+03,-3.01073056e+03
3.00000000e-10,5.48745006e-06,1.72156285e-05,3.50898875e+03,-4.50129737e+03
4.00000000e-10,5.92264227e-06,1.66934367e-05,5.28122058e+03,-5.92520979e+03
5.00000000e-10,6.56552877e-06,1.60367061e-05,7.71328068e+03,-7.16192664e+03
6.00000000e-10,7.50016319e-06,1.52760403e-05,1.11973837e+04,-7.93875303e+03
7.00000000e-10,8.86212801e-06,1.44826572e-05,1.64217784e+04,-7.69078487e+03
8.00000000e-10,1.08938454e-05,1.37991702e-05,2.49990370e+04,-5.65983608e+03
9.00000000e-10,1.40632053e-05,1.33788973e-05,3.94408740e+04,-2.81543248e+03
1.00000000e-09,1.89991228e-05,1.32611305e-05,6.10416568e+04,1.17405765e+03
1.10000000e-09,2.69305214e-05,1.35974059e-05,9.95917531e+04,3.90210952e+03
1.20000000e-09,3.84374572e-05,1.38430908e-05,1.27518410e+05,2.31459466e+03
1.30000000e-09,5.30041964e-05,1.41461869e-05,1.62759494e+05,2.40363842e+03
1.40000000e-09,7.07395273e-05,1.44271133e-05,1.95116900e+05,2.78444568e+03
1.50000000e-09,9.16930942e-05,1.47089631e-05,2.26600247e+05,2.79509272e+03
1.60000000e-09,1.15837383e-04,1.49929601e-05,2.56984647e+05,2.84885696e+03
1.70000000e-09,1.43146505e-04,1.52784344e-05,2.88802858e+05,2.76808414e+03
1.80000000e-09,1.73694899e-04,1.55628367e-05,3.21607562e+05,3.01423746e+03
1.90000000e-09,2.07408644e-04,1.58462792e-05,3.53945085e+05,2.68202842e+03
2.00000000e-09,2.44338622e-04,1.61320289e-05,3.85232746e+05,2.55879061e+03
2.10000000e-09,2.84476660e-04,1.64150701e-05,4.17339477e+05,2.50593592e+03
2.18300000e-09,3.20121587e-04,1.66756889e-05,4.36744060e+05,4.00279774e+03
