time_s,x_m,y_m,vx_m_per_s,vy_m_per_s
0.00000000e+00,5.00000000e-06,1.30240081e-05,0.00000000e+00,0.00000000e+00
1.00000000e-10,5.07006342e-06,1.30812179e-05,1.41055895e+03,1.14392296e+03
2.00000000e-10,5.28592996e-06,1.32526193e-05,2.93635471e+03,2.28220954e+03
3.00000000e-10,5.66571279e-06,1.35368999e-05,4.71687470e+03,3.39796303e+03
4.00000000e-10,6.24439067e-06,1.39301338e-05,6.95449486e+03,4.44922858e+03
5.00000000e-10,7.08280496e-06,1.44211227e-05,9.98239351e+03,5.32489499e+03
6.00000000e-10,8.28710557e-06,1.49804488e-05,1.44118571e+04,5.74882590e+03
7.00000000e-10,1.00523848e-05,1.55374163e-05,2.15022157e+04,5.17052870e+03
8.00000000e-10,1.27548318e-05,1.59741154e-05,3.35714976e+04,3.46841050e+03
9.00000000e-10,1.69794566e-05,1.62261941e-05,5.21164159e+04,1.39411184e+03
1.00000000e-09,2.36466955e-05,1.61720109e-05,8.47199564e+04,-2.07500844e+03
1.10000000e-09,3.40359388e-05,1.60321173e-05,1.19125909e+05,-2.52762949e+02
1.20000000e-09,4.73635382e-05,1.59267289e-05,1.51662081e+05,-1.56062135e+03
1.30000000e-09,6.39838864e-05,1.58243831e-05,1.81656256e+05,-1.54451226e+03
1.40000000e-09,8.37958068e-05,1.57086096e-05,2.13547757e+05,-1.45116729e+03
1.50000000e-09,1.06796496e-04,1.55888016e-05,2.46620642e+05,-1.36332661e+03
1.60000000e-09,1.33006986e-04,1.54717235e-05,2.78430061e+05,-1.03834381e+03
1.70000000e-09,1.62369867e-04,1.53556513e-05,3.09124411e+05,-1.26302907e+03
1.80000000e-09,1.94964667e-04,1.52363585e-05,3.41740853e+05,-1.11814732e+03
1.90000000e-09,2.30738800e-04,1.51175034e-05,3.74627721e+05,-1.18005146e+03
2.00000000e-09,2.69722241e-04,1.49990650e-05,4.06659596e+05,-1.18946449e+03
2.10000000e-09,3.11886078e-04,1.48799792e-05,4.36055611e+05,-1.23999454e+03
2.11900000e-09,3.20180445e-04,1.48560094e-05,4.36718124e+05,-1.27271808e+03
