time_s,x_m,y_m,vx_m_per_s,vy_m_per_s
0.00000000e+00,5.00000000e-06,1.10306849e-05,0.00000000e+00,0.00000000e+00
1.00000000e-10,5.02371023e-06,1.11163757e-05,4.81714225e+02,1.71426842e+03
2.00000000e-10,5.09941570e-06,1.13737478e-05,1.05609767e+03,3.43500473e+03
3.00000000e-10,5.24155927e-06,1.18037345e-05,1.83022971e+03,5.16260390e+03
4.00000000e-10,5.47661154e-06,1.24050878e-05,2.93908889e+03,6.85059091e+03
5.00000000e-10,5.84622611e-06,1.31692904e-05,4.55461197e+03,8.39754601e+03
6.00000000e-10,6.41111373e-06,1.40729726e-05,6.88243873e+03,9.59324840e+03
7.00000000e-10,7.25450772e-06,1.50639139e-05,1.01717370e+04,1.00606031e+04
8.00000000e-10,8.49005082e-06,1.60394165e-05,1.48220969e+04,9.14192050e+03
9.00000000e-10,1.03031422e-05,1.68116644e-05,2.21109813e+04,5.83848560e+03
1.00000000e-09,1.31143225e-05,1.71615938e-05,3.52443792e+04,1.34597824e+03
1.10000000e-09,1.75392532e-05,1.71168029e-05,5.42921214e+04,-2.60287096e+03
1.20000000e-09,2.45219748e-05,1.65334656e-05,8.89282479e+04,-7.77520946e+03
1.30000000e-09,3.52577513e-05,1.58591635e-05,1.21465864e+05,-5.72139983e+03
1.40000000e-09,4.89352459e-05,1.52237780e-05,1.55444735e+05,-6.54865189e+03
1.50000000e-09,6.58708746e-05,1.45852370e-05,1.85941857e+05,-6.23658465e+03
1.60000000e-09,8.60140485e-05,1.39445136e-05,2.17846898e+05,-5.98464641e+03
1.70000000e-09,1.09357605e-04,1.33109554e-05,2.50644242e+05,-6.28793384e+03
1.80000000e-09,1.35893389e-04,1.26619714e-05,2.80675635e+05,-7.16421192e+03
1.90000000e-09,1.65576947e-04,1.20360689e-05,3.13433164e+05,-5.35651742e+03
2.00000000e-09,1.98506543e-04,1.13950020e-05,3.43614473e+05,-6.80442857e+03
2.10000000e-09,2.34627114e-04,1.07874576e-05,3.77191643e+05,-7.29685382e+03
2.20000000e-09,2.73943163e-04,1.01713543e-05,4.09538087e+05,-6.72790019e+03
