time_s,x_m,y_m,vx_m_per_s,vy_m_per_s
0.00000000e+00,5.00000000e-06,1.23164337e-05,0.00000000e+00,0.00000000e+00
1.00000000e-10,5.05532542e-06,1.23881831e-05,1.11563109e+03,1.43548695e+03
2.00000000e-10,5.22689153e-06,1.26036802e-05,2.34434491e+03,2.87403097e+03
3.00000000e-10,5.53205552e-06,1.29622006e-05,3.81152335e+03,4.28968681e+03
4.00000000e-10,6.00327591e-06,1.34595934e-05,5.70117626e+03,5.63922547e+03
5.00000000e-10,6.69523753e-06,1.40839620e-05,8.28292554e+03,6.79990522e+03
6.00000000e-10,7.69704176e-06,1.48042485e-05,1.19911995e+04,7.49050974e+03
7.00000000e-10,9.15725138e-06,1.55473908e-05,1.76434786e+04,7.12894302e+03
8.00000000e-10,1.13506157e-05,1.61710229e-05,2.70982835e+04,5.07722586e+03
9.00000000e-10,1.47840526e-05,1.65475318e-05,4.25986254e+04,2.50651885e+03
1.00000000e-09,2.01231548e-05,1.66162524e-05,6.66498759e+04,-1.88376392e+03
1.10000000e-09,2.87481536e-05,1.62989709e-05,1.06354146e+05,-2.82254445e+03
1.20000000e-09,4.07312274e-05,1.61194898e-05,1.33060885e+05,-2.50186385e+03
1.30000000e-09,5.59059665e-05,1.58704995e-05,1.66671110e+05,-1.84797057e+03
1.40000000e-09,7.42157097e-05,1.56321138e-05,1.99464133e+05,-2.06304341e+03
1.50000000e-09,9.57192801e-05,1.53972665e-05,2.30679930e+05,-2.20873062e+03
1.60000000e-09,1.20399946e-04,1.51602626e-05,2.61817337e+05,-2.38045173e+03
1.70000000e-09,1.48291453e-04,1.49220619e-05,2.95848781e+05,-2.37262335e+03
1.80000000e-09,1.79389083e-04,1.46830656e-05,3.25949274e+05,-2.37937656e+03
1.90000000e-09,2.13686043e-04,1.44469477e-05,3.59212788e+05,-2.51711654e+03
2.00000000e-09,2.51175886e-04,1.42110372e-05,3.91721174e+05,-2.46046569e+03
2.10000000e-09,2.91877231e-04,1.39744396e-05,4.23632654e+05,-2.52660083e+03
2.16600000e-09,3.20377051e-04,1.37980370e-05,4.36732804e+05,-3.19952745e+03
