time_s,x_m,y_m,vx_m_per_s,vy_m_per_s
0.00000000e+00,5.00000000e-06,1.56295095e-05,0.00000000e+00,0.00000000e+00
1.00000000e-10,5.08677858e-06,1.56098848e-05,1.74573256e+03,-3.92433071e+02
2.00000000e-10,5.35326488e-06,1.55510829e-05,3.61537958e+03,-7.82827682e+02
3.00000000e-10,5.81867715e-06,1.54536401e-05,5.75416501e+03,-1.16371883e+03
4.00000000e-10,6.52030460e-06,1.53192109e-05,8.38710345e+03,-1.51800300e+03
5.00000000e-10,7.52618554e-06,1.51523440e-05,1.19362128e+04,-1.80080234e+03
6.00000000e-10,8.96664913e-06,1.49652321e-05,1.72901410e+04,-1.89360999e+03
7.00000000e-10,1.11036205e-05,1.47868491e-05,2.62613780e+04,-1.60120659e+03
8.00000000e-10,1.44153298e-05,1.46536766e-05,4.10395042e+04,-1.05144347e+03
9.00000000e-10,1.95744318e-05,1.45891963e-05,6.43106473e+04,-6.59640878e+01
1.00000000e-09,2.78725419e-05,1.46241641e-05,1.02914688e+05,3.55169494e+02
1.10000000e-09,3.96079687e-05,1.46236725e-05,1.30209212e+05,1.12512708e+02
1.20000000e-09,5.44803291e-05,1.46453175e-05,1.64667556e+05,-5.44198681e+01
1.30000000e-09,7.24998339e-05,1.46621700e-05,1.97380945e+05,3.58514292e+01
1.40000000e-09,9.37257885e-05,1.46775634e-05,2.28674096e+05,3.98813943e+01
1.50000000e-09,1.18133273e-04,1.46928397e-05,2.59092722e+05,1.14425973e+02
1.60000000e-09,1.45725176e-04,1.47119460e-05,2.92378565e+05,2.67119310e+02
1.70000000e-09,1.76551139e-04,1.47292771e-05,3.23554804e+05,1.10606564e+02
1.80000000e-09,2.10551158e-04,1.47485316e-05,3.56932333e+05,1.67310905e+02
1.90000000e-09,2.47755025e-04,1.47667363e-05,3.88757793e+05,2.22304977e+02
2.00000000e-09,2.88171984e-04,1.47852746e-05,4.20828444e+05,2.12422925e+02
2.07400000e-09,3.20035911e-04,1.47953081e-05,4.36695698e+05,3.40969186e+01
