time_s,x_m,y_m,vx_m_per_s,vy_m_per_s
0.00000000e+00,5.00000000e-06,1.40730752e-05,0.00000000e+00,0.00000000e+00
1.00000000e-10,5.08455416e-06,1.41017355e-05,1.70096112e+03,5.73047264e+02
2.00000000e-10,5.34420053e-06,1.41875716e-05,3.52255685e+03,1.14236506e+03
3.00000000e-10,5.79766956e-06,1.43296963e-05,5.60727489e+03,1.69669279e+03
4.00000000e-10,6.48197177e-06,1.45257228e-05,8.18850372e+03,2.21451361e+03
5.00000000e-10,7.46476397e-06,1.47693149e-05,1.16666876e+04,2.63086542e+03
6.00000000e-10,8.87219946e-06,1.50431130e-05,1.68837871e+04,2.77727933e+03
7.00000000e-10,1.09562673e-05,1.53057373e-05,2.55843221e+04,2.36710258e+03
8.00000000e-10,1.41826362e-05,1.55028266e-05,4.00034347e+04,1.55821483e+03
9.00000000e-10,1.92079150e-05,1.56019908e-05,6.24980717e+04,1.81870446e+02
1.00000000e-09,2.72834135e-05,1.55506968e-05,1.00713780e+05,-6.30829331e+02
1.10000000e-09,3.88617967e-05,1.55442335e-05,1.28450926e+05,-1.04361775e+02
1.20000000e-09,5.35348712e-05,1.55072470e-05,1.63385648e+05,1.08572805e+01
1.30000000e-09,7.13670409e-05,1.54791613e-05,1.95920872e+05,-1.67738103e+02
1.40000000e-09,9.24131500e-05,1.54521907e-05,2.27333685e+05,-1.46629860e+02
1.50000000e-09,1.16646574e-04,1.54257173e-05,2.57644985e+05,-1.60817358e+02
1.60000000e-09,1.44049960e-04,1.53949971e-05,2.90016078e+05,-4.26797122e+02
1.70000000e-09,1.74694115e-04,1.53640026e-05,3.22252743e+05,-1.97703273e+02
1.80000000e-09,2.08504109e-04,1.53324313e-05,3.55042779e+05,-3.50765089e+02
1.90000000e-09,2.45526700e-04,1.53018936e-05,3.86465684e+05,-3.84076361e+02
2.00000000e-09,2.85759608e-04,1.52705342e-05,4.18569286e+05,-3.72245868e+02
2.08000000e-09,3.20146455e-04,1.52498070e-05,4.36699598e+05,-1.26600955e+02
