time_s,x_m,y_m,vx_m_per_s,vy_m_per_s
0.00000000e+00,5.00000000e-06,1.05870753e-05,0.00000000e+00,0.00000000e+00
1.00000000e-10,5.01289763e-06,1.06732216e-05,2.64848988e+02,1.72387168e+03
2.00000000e-10,5.05576285e-06,1.09322598e-05,6.13739514e+02,3.46027188e+03
3.00000000e-10,5.14157745e-06,1.13659003e-05,1.14193096e+03,5.21243121e+03
4.00000000e-10,5.29413763e-06,1.19743063e-05,1.97077808e+03,6.94673645e+03
5.00000000e-10,5.55053422e-06,1.27516256e-05,3.24376732e+03,8.56827153e+03
6.00000000e-10,5.96323521e-06,1.36786154e-05,5.12505574e+03,9.90278591e+03
7.00000000e-10,6.60103741e-06,1.47125808e-05,7.77248913e+03,1.06448764e+04
8.00000000e-10,7.54912868e-06,1.57720715e-05,1.13656014e+04,1.03114228e+04
9.00000000e-10,8.91846930e-06,1.67121776e-05,1.63270425e+04,8.07595217e+03
1.00000000e-09,1.09242049e-05,1.72868273e-05,2.47424244e+04,2.99705472e+03
1.10000000e-09,1.40995510e-05,1.73314075e-05,3.97415398e+04,-1.66401049e+03
1.20000000e-09,1.90561958e-05,1.69576971e-05,6.11352731e+04,-6.58800841e+03
1.30000000e-09,2.70049328e-05,1.60676943e-05,9.97113786e+04,-9.45704405e+03
1.40000000e-09,3.85188132e-05,1.52138077e-05,1.27802971e+05,-8.32119307e+03
1.50000000e-09,5.31072783e-05,1.43647394e-05,1.62832171e+05,-8.89990578e+03
1.60000000e-09,7.08613878e-05,1.35252653e-05,1.95403369e+05,-8.80628786e+03
1.70000000e-09,9.18329341e-05,1.26800646e-05,2.26998039e+05,-9.16983930e+03
1.80000000e-09,1.15995373e-04,1.18220236e-05,2.56872066e+05,-9.63144830e+03
1.90000000e-09,1.43303636e-04,1.09919148e-05,2.88803179e+05,-6.78874133e+03
2.00000000e-09,1.73887667e-04,1.01880362e-05,3.21904946e+05,-8.84789428e+03
