time_s,x_m,y_m,vx_m_per_s,vy_m_per_s
0.00000000e+00,5.00000000e-06,1.43696645e-05,0.00000000e+00,0.00000000e+00
1.00000000e-10,5.08677240e-06,1.43893143e-05,1.74560818e+03,3.92934811e+02
2.00000000e-10,5.35323969e-06,1.44481913e-05,3.61512150e+03,7.83827171e+02
3.00000000e-10,5.81861942e-06,1.45457585e-05,5.75378733e+03,1.16520787e+03
4.00000000e-10,6.52020399e-06,1.46803603e-05,8.38661520e+03,1.51995534e+03
5.00000000e-10,7.52602756e-06,1.48474422e-05,1.19355374e+04,1.80312894e+03
6.00000000e-10,8.96640787e-06,1.50347968e-05,1.72891122e+04,1.89608047e+03
7.00000000e-10,1.11032448e-05,1.52134146e-05,2.62596572e+04,1.60333346e+03
8.00000000e-10,1.44147376e-05,1.53467647e-05,4.10368769e+04,1.05285337e+03
9.00000000e-10,1.95734991e-05,1.54113384e-05,6.43060344e+04,6.62099764e+01
1.00000000e-09,2.78710484e-05,1.53763260e-05,1.02909243e+05,-3.55813465e+02
1.10000000e-09,3.96060816e-05,1.53768089e-05,1.30204605e+05,-1.12531007e+02
1.20000000e-09,5.44779436e-05,1.53551281e-05,1.64664350e+05,5.44160303e+01
1.30000000e-09,7.24969753e-05,1.53382497e-05,1.97377438e+05,-3.60520408e+01
1.40000000e-09,9.37224782e-05,1.53228309e-05,2.28670836e+05,-4.00372595e+01
1.50000000e-09,1.18129523e-04,1.53075302e-05,2.59088822e+05,-1.14510137e+02
1.60000000e-09,1.45720947e-04,1.52883959e-05,2.92372665e+05,-2.67538339e+02
1.70000000e-09,1.76546461e-04,1.52710345e-05,3.23551409e+05,-1.10756221e+02
1.80000000e-09,2.10545999e-04,1.52517508e-05,3.56928084e+05,-1.67701597e+02
1.90000000e-09,2.47749409e-04,1.52335179e-05,3.88752331e+05,-2.22713691e+02
2.00000000e-09,2.88165910e-04,1.52149502e-05,4.20823147e+05,-2.12825167e+02
2.07400000e-09,3.20029611e-04,1.52048961e-05,4.36695730e+05,-3.42547033e+01
