time_s,x_m,y_m,vx_m_per_s,vy_m_per_s
0.00000000e+00,5.00000000e-06,1.93321476e-05,0.00000000e+00,0.00000000e+00
1.00000000e-10,5.01485716e-06,1.92460402e-05,3.04073785e+02,-1.72327678e+03
2.00000000e-10,5.06362771e-06,1.89870057e-05,6.92832492e+02,-3.46135637e+03
3.00000000e-10,5.15950993e-06,1.85533704e-05,1.26501943e+03,-5.21157130e+03
4.00000000e-10,5.32682676e-06,1.79452516e-05,2.14435300e+03,-6.94133776e+03
5.00000000e-10,5.60348267e-06,1.71690465e-05,3.47799574e+03,-8.55085451e+03
6.00000000e-10,6.04341232e-06,1.62447382e-05,5.43793193e+03,-9.86295935e+03
7.00000000e-10,6.71776181e-06,1.52167489e-05,8.19663386e+03,-1.05590764e+04
8.00000000e-10,7.71607202e-06,1.41701773e-05,1.19605647e+04,-1.01260235e+04
9.00000000e-10,9.15958152e-06,1.32579508e-05,1.72648062e+04,-7.68065137e+03
1.00000000e-09,1.12981456e-05,1.27317195e-05,2.65641258e+04,-2.54038883e+03
1.10000000e-09,1.46997967e-05,1.27098624e-05,4.23656523e+04,1.72206892e+03
1.20000000e-09,1.99827482e-05,1.31154420e-05,6.57101676e+04,7.26070390e+03
1.30000000e-09,2.85062844e-05,1.39995472e-05,1.05366302e+05,8.73405924e+03
1.40000000e-09,4.04247555e-05,1.47939443e-05,1.32385138e+05,8.00205866e+03
1.50000000e-09,5.55195783e-05,1.56116899e-05,1.66129505e+05,8.43677648e+03
1.60000000e-09,7.37553692e-05,1.64136225e-05,1.98938749e+05,8.76762623e+03
1.70000000e-09,9.51876823e-05,1.72232485e-05,2.30086822e+05,9.00712881e+03
1.80000000e-09,1.19789555e-04,1.80357798e-05,2.60375462e+05,7.84585378e+03
1.90000000e-09,1.47596017e-04,1.87987358e-05,2.95500442e+05,6.78627381e+03
2.00000000e-09,1.78632931e-04,1.96106551e-05,3.24020284e+05,8.62035707e+03
