time_s,x_m,y_m,vx_m_per_s,vy_m_per_s
0.00000000e+00,5.00000000e-06,1.57381005e-05,0.00000000e+00,0.00000000e+00
1.00000000e-10,5.08596633e-06,1.57151765e-05,1.72938263e+03,-4.58388736e+02
2.00000000e-10,5.34995410e-06,1.56465001e-05,3.58146425e+03,-9.14180551e+02
3.00000000e-10,5.81101174e-06,1.55327252e-05,5.70125539e+03,-1.35872767e+03
4.00000000e-10,6.50661969e-06,1.53757091e-05,8.31891909e+03,-1.77365378e+03
5.00000000e-10,7.50452558e-06,1.51806763e-05,1.18426713e+04,-2.10553131e+03
6.00000000e-10,8.93348194e-06,1.49617550e-05,1.71482044e+04,-2.21758245e+03
7.00000000e-10,1.10519354e-05,1.47525452e-05,2.60243251e+04,-1.88090636e+03
8.00000000e-10,1.43337985e-05,1.45960190e-05,4.06773177e+04,-1.23685099e+03
9.00000000e-10,1.94460833e-05,1.45191000e-05,6.36772332e+04,-1.02395810e+02
1.00000000e-09,2.76667059e-05,1.45599174e-05,1.02155588e+05,4.45276879e+02
1.10000000e-09,3.93475146e-05,1.45609978e-05,1.29580666e+05,1.11917794e+02
1.20000000e-09,5.41507279e-05,1.45876255e-05,1.64222554e+05,-4.95178732e+01
1.30000000e-09,7.21047673e-05,1.46080713e-05,1.96888201e+05,6.91645218e+01
1.40000000e-09,9.32680494e-05,1.46270512e-05,2.28217311e+05,6.57961403e+01
1.50000000e-09,1.17614717e-04,1.46457620e-05,2.58564747e+05,1.25822924e+02
1.60000000e-09,1.45140260e-04,1.46686599e-05,2.91556594e+05,3.23089802e+02
1.70000000e-09,1.75903487e-04,1.46902659e-05,3.23090218e+05,1.33001106e+02
1.80000000e-09,2.09836828e-04,1.47135376e-05,3.56316943e+05,2.24734944e+02
1.90000000e-09,2.46977156e-04,1.47356517e-05,3.87979382e+05,2.78119899e+02
2.00000000e-09,2.87329906e-04,1.47582838e-05,4.20067636e+05,2.67495488e+02
2.07600000e-09,3.20034732e-04,1.47714167e-05,4.36696162e+05,5.68846310e+01
