time_s,x_m,y_m,vx_m_per_s,vy_m_per_s
0.00000000e+00,5.00000000e-06,1.45647033e-05,0.00000000e+00,0.00000000e+00
1.00000000e-10,5.08789704e-06,1.45783604e-05,1.76798339e+03,2.73067813e+02
2.00000000e-10,5.35765771e-06,1.46192620e-05,3.65809373e+03,5.44314847e+02
3.00000000e-10,5.82819095e-06,1.46869705e-05,5.81358504e+03,8.08143326e+02
4.00000000e-10,6.53673950e-06,1.47802844e-05,8.46741421e+03,1.05337617e+03
5.00000000e-10,7.55216459e-06,1.48960399e-05,1.20493563e+04,1.24874914e+03
6.00000000e-10,9.00658636e-06,1.50256951e-05,1.74623896e+04,1.31077120e+03
7.00000000e-10,1.11660419e-05,1.51489689e-05,2.65487022e+04,1.10460746e+03
8.00000000e-10,1.45137774e-05,1.52407920e-05,4.14759231e+04,7.24353399e+02
9.00000000e-10,1.97297288e-05,1.52844535e-05,6.50831087e+04,2.86046741e+01
1.00000000e-09,2.81207494e-05,1.52602983e-05,1.03805217e+05,-2.23335261e+02
1.10000000e-09,3.99209656e-05,1.52617975e-05,1.30984440e+05,-9.13597147e+01
1.20000000e-09,5.48752899e-05,1.52478329e-05,1.65196918e+05,4.67086677e+01
1.30000000e-09,7.29730109e-05,1.52367493e-05,1.97948869e+05,-6.77554432e+00
1.40000000e-09,9.42736556e-05,1.52268166e-05,2.29209371e+05,-1.55238527e+01
1.50000000e-09,1.18753949e-04,1.52168401e-05,2.59762340e+05,-8.67624720e+01
1.60000000e-09,1.46425753e-04,1.52040713e-05,2.93348034e+05,-1.74852972e+02
1.70000000e-09,1.77325659e-04,1.51930500e-05,3.24136331e+05,-7.65306668e+01
1.80000000e-09,2.11405548e-04,1.51803311e-05,3.57606357e+05,-9.51938408e+01
1.90000000e-09,2.48685699e-04,1.51683348e-05,3.89639488e+05,-1.37525773e+02
2.00000000e-09,2.89179239e-04,1.51562146e-05,4.21677676e+05,-1.30013815e+02
2.07200000e-09,3.20206614e-04,1.51502512e-05,4.36694837e+05,-1.02072370e+01
