time_s,x_m,y_m,vx_m_per_s,vy_m_per_s
0.00000000e+00,5.00000000e-06,1.09898618e-05,0.00000000e+00,0.00000000e+00
1.00000000e-10,5.02268294e-06,1.10757707e-05,4.61100080e+02,1.71871760e+03
2.00000000e-10,5.09527554e-06,1.13337770e-05,1.01429905e+03,3.44293241e+03
3.00000000e-10,5.23212332e-06,1.17647233e-05,1.76575658e+03,5.17452113e+03
4.00000000e-10,5.45947548e-06,1.23675208e-05,2.84900932e+03,6.86818533e+03
5.00000000e-10,5.81856393e-06,1.31338298e-05,4.43307794e+03,8.42285402e+03
6.00000000e-10,6.36932730e-06,1.40406472e-05,6.71900674e+03,9.63180899e+03
7.00000000e-10,7.19350868e-06,1.50365862e-05,9.94560642e+03,1.01250664e+04
8.00000000e-10,8.40158529e-06,1.60209526e-05,1.44862546e+04,9.26158010e+03
9.00000000e-10,1.01701648e-05,1.68093750e-05,2.15164292e+04,6.03457322e+03
1.00000000e-09,1.29014602e-05,1.71745703e-05,3.42582908e+04,1.42119622e+03
1.10000000e-09,1.72114543e-05,1.71371307e-05,5.28997343e+04,-2.41843008e+03
1.20000000e-09,2.39856571e-05,1.65693168e-05,8.63480079e+04,-7.91189820e+03
1.30000000e-09,3.45175321e-05,1.58642789e-05,1.20114033e+05,-5.92272177e+03
1.40000000e-09,4.79892590e-05,1.52166492e-05,1.53228503e+05,-6.75228068e+03
1.50000000e-09,6.47385240e-05,1.45576933e-05,1.83424867e+05,-6.37099581e+03
1.60000000e-09,8.46855862e-05,1.38976781e-05,2.15310938e+05,-6.09831510e+03
1.70000000e-09,1.07827000e-04,1.32479980e-05,2.48417799e+05,-6.12976978e+03
1.80000000e-09,1.34177033e-04,1.25879592e-05,2.79449547e+05,-7.41621411e+03
1.90000000e-09,1.63665234e-04,1.19334666e-05,3.10758214e+05,-5.48995079e+03
2.00000000e-09,1.96408116e-04,1.12857597e-05,3.42442364e+05,-7.55727320e+03
2.10000000e-09,2.32323749e-04,1.06574699e-05,3.76270344e+05,-7.32270177e+03
2.20000000e-09,2.71443854e-04,1.00156076e-05,4.08708074e+05,-6.70549961e+03
