time_s,x_m,y_m,vx_m_per_s,vy_m_per_s
0.00000000e+00,5.00000000e-06,1.28019020e-05,0.00000000e+00,0.00000000e+00
1.00000000e-10,5.06567713e-06,1.28640225e-05,1.32306171e+03,1.24261419e+03
2.00000000e-10,5.26854041e-06,1.30504544e-05,2.76445219e+03,2.48542337e+03
3.00000000e-10,5.62668476e-06,1.33602400e-05,4.45300729e+03,3.70311539e+03
4.00000000e-10,6.17416885e-06,1.37890994e-05,6.59077723e+03,4.85555152e+03
5.00000000e-10,6.97004955e-06,1.43254537e-05,9.48847199e+03,5.82449168e+03
6.00000000e-10,8.11515570e-06,1.49388287e-05,1.36994948e+04,6.32735019e+03
7.00000000e-10,9.78986461e-06,1.55562762e-05,2.03485409e+04,5.78769601e+03
8.00000000e-10,1.23410248e-05,1.60490475e-05,3.16724602e+04,3.92848872e+03
9.00000000e-10,1.63350032e-05,1.63384015e-05,4.92975450e+04,1.76184032e+03
1.00000000e-09,2.25981591e-05,1.63107949e-05,7.94883415e+04,-2.28351832e+03
1.10000000e-09,3.25364939e-05,1.61137110e-05,1.16255680e+05,-6.72230659e+02
1.20000000e-09,4.54649450e-05,1.59964615e-05,1.46536807e+05,-2.03923977e+03
1.30000000e-09,6.17051621e-05,1.58612769e-05,1.76582564e+05,-1.71207289e+03
1.40000000e-09,8.11119085e-05,1.57130277e-05,2.08567900e+05,-1.60255710e+03
1.50000000e-09,1.03693403e-04,1.55622774e-05,2.41426646e+05,-1.68103132e+03
1.60000000e-09,1.29488275e-04,1.54111331e-05,2.74917162e+05,-1.51013256e+03
1.70000000e-09,1.58469837e-04,1.52648128e-05,3.04796315e+05,-1.44992477e+03
1.80000000e-09,1.90640540e-04,1.51146850e-05,3.38624636e+05,-1.48623378e+03
1.90000000e-09,2.26005928e-04,1.49659435e-05,3.70063774e+05,-1.48462194e+03
2.00000000e-09,2.64585345e-04,1.48167580e-05,4.01779795e+05,-1.44823164e+03
2.10000000e-09,3.06361658e-04,1.46672659e-05,4.33188800e+05,-1.48336237e+03
2.13200000e-09,3.20310014e-04,1.46143085e-05,4.36723937e+05,-1.74627888e+03
