time_s,x_m,y_m,vx_m_per_s,vy_m_per_s
0.00000000e+00,5.00000000e-06,1.24236311e-05,0.00000000e+00,0.00000000e+00
1.00000000e-10,5.05781019e-06,1.24935810e-05,1.16558206e+03,1.39969675e+03
2.00000000e-10,5.23684185e-06,1.27035631e-05,2.44320405e+03,2.79800652e+03
3.00000000e-10,5.55447490e-06,1.30524560e-05,3.96332675e+03,4.17387617e+03
4.00000000e-10,6.04366991e-06,1.35361662e-05,5.91131827e+03,5.48199826e+03
5.00000000e-10,6.76013675e-06,1.41427306e-05,8.56740215e+03,6.60116018e+03
6.00000000e-10,7.79560834e-06,1.48409697e-05,1.23912000e+04,7.24740066e+03
7.00000000e-10,9.30562377e-06,1.55572190e-05,1.82676401e+04,6.83354458e+03
8.00000000e-10,1.15816805e-05,1.61505771e-05,2.81659307e+04,4.79710535e+03
9.00000000e-10,1.51473668e-05,1.65061758e-05,4.41728147e+04,2.34485259e+03
1.00000000e-09,2.06959052e-05,1.65494707e-05,6.96179829e+04,-2.12798087e+03
1.10000000e-09,2.96547541e-05,1.62528506e-05,1.09228422e+05,-2.22603338e+03
1.20000000e-09,4.18620104e-05,1.60956129e-05,1.36180519e+05,-2.52036377e+03
1.30000000e-09,5.73138546e-05,1.58757900e-05,1.68632213e+05,-1.72632601e+03
1.40000000e-09,7.58983307e-05,1.56585538e-05,2.01325215e+05,-1.83033121e+03
1.50000000e-09,9.76641327e-05,1.54449621e-05,2.32684878e+05,-2.02032049e+03
1.60000000e-09,1.22610738e-04,1.52288495e-05,2.64941090e+05,-2.21384393e+03
1.70000000e-09,1.50787122e-04,1.50124197e-05,2.98603618e+05,-2.16202040e+03
1.80000000e-09,1.82137456e-04,1.47965859e-05,3.28914859e+05,-2.10850793e+03
1.90000000e-09,2.16709594e-04,1.45809120e-05,3.61117389e+05,-2.24441142e+03
2.00000000e-09,2.54473286e-04,1.43665436e-05,3.93739821e+05,-2.30606091e+03
2.10000000e-09,2.95441978e-04,1.41513324e-05,4.25512384e+05,-2.35370248e+03
2.15700000e-09,3.20112956e-04,1.40143529e-05,4.36733784e+05,-2.82976131e+03
