time_s,x_m,y_m,vx_m_per_s,vy_m_per_s
0.00000000e+00,5.00000000e-06,1.41576929e-05,0.00000000e+00,0.00000000e+00
1.00000000e-10,5.08518696e-06,1.41837827e-05,1.71369626e+03,5.21670009e+02
2.00000000e-10,5.34677834e-06,1.42619307e-05,3.54894451e+03,1.04014342e+03
3.00000000e-10,5.80364582e-06,1.43913579e-05,5.64935354e+03,1.54535537e+03
4.00000000e-10,6.49306555e-06,1.45699301e-05,8.24826997e+03,2.01743556e+03
5.00000000e-10,7.48276549e-06,1.47918180e-05,1.17469694e+04,2.39608475e+03
6.00000000e-10,8.89999887e-06,1.50410870e-05,1.70040220e+04,2.52700585e+03
7.00000000e-10,1.09996865e-05,1.52798047e-05,2.57841663e+04,2.14928321e+03
8.00000000e-10,1.42512765e-05,1.54587286e-05,4.03097867e+04,1.41444920e+03
9.00000000e-10,1.93161507e-05,1.55478173e-05,6.30350580e+04,1.43338483e+02
1.00000000e-09,2.74579149e-05,1.55011978e-05,1.01373954e+05,-5.43907051e+02
1.10000000e-09,3.90830496e-05,1.54974728e-05,1.28961254e+05,-1.09517756e+02
1.20000000e-09,5.38156935e-05,1.54653230e-05,1.63769016e+05,3.24422015e+01
1.30000000e-09,7.17034068e-05,1.54408158e-05,1.96370844e+05,-1.17670500e+02
1.40000000e-09,9.28030140e-05,1.54176436e-05,2.27743010e+05,-1.05161229e+02
1.50000000e-09,1.17088085e-04,1.53948773e-05,2.58055464e+05,-1.42805984e+02
1.60000000e-09,1.44546917e-04,1.53678019e-05,2.90718519e+05,-3.80104183e+02
1.70000000e-09,1.75245728e-04,1.53412556e-05,3.22632205e+05,-1.64926726e+02
1.80000000e-09,2.09111778e-04,1.53135531e-05,3.55643574e+05,-2.91659592e+02
1.90000000e-09,2.46187949e-04,1.52869921e-05,3.87163226e+05,-3.36100333e+02
2.00000000e-09,2.86475520e-04,1.52597372e-05,4.19262133e+05,-3.24842888e+02
2.07800000e-09,3.20019199e-04,1.52427250e-05,4.36697735e+05,-9.19701201e+01
