time_s,x_m,y_m,vx_m_per_s,vy_m_per_s
0.00000000e+00,5.00000000e-06,1.62247817e-05,0.00000000e+00,0.00000000e+00
1.00000000e-10,5.08128379e-06,1.61875080e-05,1.63563433e+03,-7.45388724e+02
2.00000000e-10,5.33118670e-06,1.60757962e-05,3.39358036e+03,-1.48761986e+03
3.00000000e-10,5.76873230e-06,1.58905309e-05,5.41672856e+03,-2.21331225e+03
4.00000000e-10,6.43029673e-06,1.56347284e-05,7.92049138e+03,-2.89042339e+03
5.00000000e-10,7.38175824e-06,1.53165568e-05,1.13025517e+04,-3.43992305e+03
6.00000000e-10,8.74484541e-06,1.49577866e-05,1.63396924e+04,-3.65038605e+03
7.00000000e-10,1.07582761e-05,1.46107754e-05,2.46791319e+04,-3.14633414e+03
8.00000000e-10,1.38698674e-05,1.43482484e-05,3.86080955e+04,-2.07946927e+03
9.00000000e-10,1.87170896e-05,1.42098760e-05,6.01082142e+04,-3.99090027e+02
1.00000000e-09,2.64879642e-05,1.42743824e-05,9.75556557e+04,9.90478108e+02
1.10000000e-09,3.78438750e-05,1.42970216e-05,1.26236630e+05,4.40799309e+01
1.20000000e-09,5.22372134e-05,1.43527139e-05,1.61522540e+05,1.47635292e+02
1.30000000e-09,6.98120455e-05,1.43944853e-05,1.93600862e+05,4.51951565e+02
1.40000000e-09,9.06076237e-05,1.44374087e-05,2.25222186e+05,3.93983237e+02
1.50000000e-09,1.14599204e-04,1.44799284e-05,2.55846099e+05,2.64640970e+02
1.60000000e-09,1.41750711e-04,1.45246554e-05,2.86841117e+05,5.65137088e+02
1.70000000e-09,1.72132967e-04,1.45741785e-05,3.20407987e+05,3.83583278e+02
1.80000000e-09,2.05687164e-04,1.46208647e-05,3.51930560e+05,5.73845744e+02
1.90000000e-09,2.42460833e-04,1.46679401e-05,3.83212550e+05,5.42506422e+02
2.00000000e-09,2.82438478e-04,1.47160554e-05,4.15318142e+05,5.30518196e+02
2.08800000e-09,3.20161873e-04,1.47543998e-05,4.36704198e+05,2.93381347e+02
